[
    {
        "username": "e",
        "contents": [],
        "headers": [],
        "status": "отложено",
        "creation_date": "21.01.2025",
        "deadline_date": "22.01.2025"
    },
    {
        "username": "M",
        "contents": [
            "Lester"
        ],
        "headers": [
            "Do a set up rn"
        ],
        "status": "в процессе",
        "creation_date": "25.01.2025",
        "deadline_date": "30.01.2025"
    },
    {
        "username": "Test",
        "contents": [
            "SQLite"
        ],
        "headers": [
            "Test sql"
        ],
        "status": "в процессе",
        "creation_date": "26.01.2025",
        "deadline_date": "27.01.2025"
    }
]